{"stats":{"minecraft:picked_up":{"minecraft:leather":2,"minecraft:lead":2,"minecraft:dirt":3},"minecraft:crafted":{"tombstone:grave_key":1},"minecraft:used":{"minecraft:dirt":3,"securitycraft:reinforced_redstone_block":1,"minecraft:crafting_table":1,"minecraft:grass_block":4,"minecraft:chainmail_chestplate":1,"minecraft:oak_sign":5,"minecraft:trapped_chest":7},"minecraft:custom":{"minecraft:open_chest":1,"minecraft:time_since_rest":5178,"minecraft:crouch_one_cm":389,"minecraft:sprint_one_cm":1554,"minecraft:play_time":35908,"minecraft:deaths":2,"minecraft:damage_taken":20,"minecraft:walk_one_cm":12305,"minecraft:sneak_time":334,"minecraft:trigger_trapped_chest":43,"minecraft:jump":34,"minecraft:leave_game":6,"minecraft:time_since_death":5372,"minecraft:total_world_time":35908,"minecraft:interact_with_crafting_table":1,"minecraft:fall_one_cm":900,"minecraft:fly_one_cm":48099},"minecraft:mined":{"minecraft:grass_block":1,"minecraft:dirt":2}},"DataVersion":3465}