{"stats":{"minecraft:picked_up":{"minecraft:dirt":3},"minecraft:crafted":{"tombstone:grave_key":1},"minecraft:used":{"minecraft:dirt":2,"minecraft:crafting_table":1,"minecraft:grass_block":4,"minecraft:oak_sign":5,"minecraft:trapped_chest":7},"minecraft:custom":{"minecraft:time_since_rest":6759,"minecraft:crouch_one_cm":200,"minecraft:sprint_one_cm":827,"minecraft:play_time":24635,"minecraft:deaths":1,"minecraft:damage_taken":20,"minecraft:walk_one_cm":3646,"minecraft:sneak_time":166,"minecraft:trigger_trapped_chest":8,"minecraft:jump":25,"minecraft:leave_game":5,"minecraft:time_since_death":7904,"minecraft:total_world_time":24635,"minecraft:interact_with_crafting_table":1,"minecraft:fall_one_cm":900,"minecraft:fly_one_cm":8753},"minecraft:mined":{"minecraft:grass_block":1,"minecraft:dirt":2}},"DataVersion":3465}