{"stats":{"minecraft:picked_up":{"minecraft:dirt":3},"minecraft:used":{"minecraft:dirt":2,"minecraft:grass_block":3},"minecraft:custom":{"minecraft:jump":22,"minecraft:time_since_rest":1,"minecraft:damage_taken":20,"minecraft:leave_game":3,"minecraft:play_time":17152,"minecraft:sprint_one_cm":738,"minecraft:time_since_death":421,"minecraft:walk_one_cm":1180,"minecraft:deaths":1,"minecraft:sneak_time":30,"minecraft:total_world_time":17152,"minecraft:fall_one_cm":900,"minecraft:fly_one_cm":8543},"minecraft:mined":{"minecraft:grass_block":1,"minecraft:dirt":2}},"DataVersion":3465}