{"stats":{"minecraft:picked_up":{"minecraft:dirt":3},"minecraft:used":{"minecraft:dirt":2},"minecraft:custom":{"minecraft:jump":18,"minecraft:time_since_rest":2775,"minecraft:leave_game":1,"minecraft:play_time":2775,"minecraft:sprint_one_cm":738,"minecraft:damage_taken":20,"minecraft:time_since_death":2775,"minecraft:walk_one_cm":1112,"minecraft:total_world_time":2775,"minecraft:fall_one_cm":900,"minecraft:fly_one_cm":2582},"minecraft:mined":{"minecraft:grass_block":1,"minecraft:dirt":2}},"DataVersion":3465}