{"stats":{"minecraft:picked_up":{"minecraft:dirt":3},"minecraft:used":{"minecraft:dirt":2,"minecraft:crafting_table":1,"minecraft:grass_block":3},"minecraft:crafted":{"tombstone:grave_key":1},"minecraft:custom":{"minecraft:jump":23,"minecraft:time_since_rest":779,"minecraft:damage_taken":20,"minecraft:leave_game":4,"minecraft:play_time":18655,"minecraft:sprint_one_cm":738,"minecraft:time_since_death":1924,"minecraft:walk_one_cm":1187,"minecraft:deaths":1,"minecraft:sneak_time":30,"minecraft:total_world_time":18655,"minecraft:interact_with_crafting_table":1,"minecraft:fall_one_cm":900,"minecraft:fly_one_cm":8543},"minecraft:mined":{"minecraft:grass_block":1,"minecraft:dirt":2}},"DataVersion":3465}